SSN,ShowDate
20,1965-12-18
21,1966-00-00
28,1966-01-07
29,1966-01-08
30,1966-01-13
36,1966-01-28
42,1966-02-06
43,1966-02-12
50,1966-03-12
51,1966-03-19
52,1966-03-25
53,1966-04-22
55,1966-04-24
56,1966-05-07
58,1966-05-19
61,1966-05-29
64,1966-06-03
73,1966-07-00
74,1966-07-03
78,1966-07-15
79,1966-07-16
80,1966-07-17
81,1966-07-29
82,1966-07-30
83,1966-07-31
93,1966-09-00
97,1966-09-11
115,1966-10-23
118,1966-10-31
124,1966-11-19
128,1966-11-29
130,1966-12-01
140,1966-12-23
141,1966-12-24
142,1966-12-28
154,1967-01-14
176,1967-03-18
189,1967-04-09
192,1967-04-12
196,1967-04-28
197,1967-04-29
204,1967-05-12
205,1967-05-18
208,1967-05-29
210,1967-06-01
217,1967-06-06
218,1967-06-07
229,1967-06-18
231,1967-06-21
232,1967-06-28
233,1967-07-02
234,1967-07-03
241,1967-07-18
243,1967-07-22
244,1967-07-23
245,1967-07-31
250,1967-08-04
251,1967-08-05
252,1967-08-05
253,1967-08-06
254,1967-08-06
259,1967-08-19
262,1967-08-28
263,1967-09-03
264,1967-09-04
268,1967-09-15
273,1967-09-29
274,1967-09-30
277,1967-10-01
278,1967-10-14
281,1967-10-22
282,1967-10-31
283,1967-11-10
284,1967-11-11
286,1967-12-08
292,1967-12-26
293,1967-12-27
294,1968-00-00
295,1968-01-17
296,1968-01-20
297,1968-01-26
298,1968-01-27
300,1968-01-30
301,1968-02-02
302,1968-02-03
304,1968-02-14
307,1968-02-17
308,1968-02-22
309,1968-02-23
310,1968-02-24
313,1968-03-02
314,1968-03-03
315,1968-03-08
319,1968-03-11
321,1968-03-16
322,1968-03-17
324,1968-03-20
326,1968-03-29
327,1968-03-30
328,1968-03-31
329,1968-04-03
336,1968-04-21
340,1968-05-03
341,1968-05-04
342,1968-05-05
348,1968-05-09
351,1968-05-17
352,1968-05-18
354,1968-05-21
355,1968-05-24
356,1968-05-25
364,1968-06-07
367,1968-06-14
368,1968-06-14
370,1968-06-15
371,1968-06-19
378,1968-08-04
380,1968-08-20
381,1968-08-21
382,1968-08-22
383,1968-08-23
384,1968-08-24
388,1968-09-01
389,1968-09-02
396,1968-09-20
398,1968-09-22
406,1968-10-08
408,1968-10-10
409,1968-10-11
410,1968-10-12
411,1968-10-13
414,1968-10-20
416,1968-10-29
417,1968-10-30
419,1968-11-01
426,1968-11-10
427,1968-11-15
431,1968-11-22
432,1968-11-25
433,1968-11-27
435,1968-11-29
437,1968-11-30
439,1968-12-01
441,1968-12-07
442,1968-12-13
444,1968-12-20
445,1968-12-21
446,1968-12-24
447,1968-12-28
448,1968-12-29
449,1968-12-31
451,1969-01-03
453,1969-01-05
456,1969-01-17
457,1969-01-18
460,1969-01-24
461,1969-01-25
462,1969-01-26
465,1969-02-02
467,1969-02-04
468,1969-02-05
469,1969-02-06
470,1969-02-07
471,1969-02-07
474,1969-02-11
475,1969-02-11
477,1969-02-12
478,1969-02-14
479,1969-02-15
480,1969-02-19
481,1969-02-21
482,1969-02-22
486,1969-02-27
487,1969-02-28
488,1969-03-01
489,1969-03-02
492,1969-03-15
495,1969-03-22
498,1969-03-27
499,1969-03-28
500,1969-03-29
501,1969-04-04
502,1969-04-05
503,1969-04-06
504,1969-04-11
506,1969-04-12
507,1969-04-13
508,1969-04-15
509,1969-04-17
510,1969-04-18
511,1969-04-20
512,1969-04-21
513,1969-04-22
514,1969-04-23
515,1969-04-25
516,1969-04-26
517,1969-04-27
518,1969-05-02
519,1969-05-03
520,1969-05-03
521,1969-05-07
522,1969-05-09
523,1969-05-10
524,1969-05-11
525,1969-05-16
526,1969-05-23
527,1969-05-24
528,1969-05-28
529,1969-05-29
530,1969-05-30
531,1969-05-31
532,1969-06-05
533,1969-06-06
534,1969-06-07
535,1969-06-08
536,1969-06-11
537,1969-06-13
538,1969-06-14
539,1969-06-20
540,1969-06-20
541,1969-06-21
542,1969-06-21
543,1969-06-22
544,1969-06-27
545,1969-06-28
547,1969-07-03
548,1969-07-04
549,1969-07-05
551,1969-07-07
552,1969-07-08
554,1969-07-11
555,1969-07-12
558,1969-08-02
559,1969-08-03
560,1969-08-16
562,1969-08-21
563,1969-08-23
564,1969-08-28
565,1969-08-29
566,1969-08-30
567,1969-09-01
568,1969-09-06
570,1969-09-26
571,1969-09-26
572,1969-09-27
573,1969-09-27
575,1969-09-29
576,1969-09-30
581,1969-10-03
583,1969-10-05
584,1969-10-24
585,1969-10-25
586,1969-10-26
587,1969-10-31
588,1969-11-01
589,1969-11-02
590,1969-11-07
591,1969-11-08
592,1969-11-15
593,1969-11-21
596,1969-12-04
597,1969-12-05
598,1969-12-07
599,1969-12-10
600,1969-12-11
601,1969-12-12
602,1969-12-13
604,1969-12-19
605,1969-12-20
606,1969-12-21
608,1969-12-26
609,1969-12-28
610,1969-12-29
611,1969-12-30
612,1969-12-31
613,1970-00-00
614,1970-01-02
615,1970-01-02
616,1970-01-03
617,1970-01-03
618,1970-01-10
619,1970-01-16
620,1970-01-17
621,1970-01-18
622,1970-01-23
623,1970-01-24
624,1970-01-30
625,1970-01-31
626,1970-02-01
627,1970-02-02
629,1970-02-04
630,1970-02-05
631,1970-02-06
632,1970-02-07
634,1970-02-08
635,1970-02-11
636,1970-02-11
638,1970-02-13
639,1970-02-13
640,1970-02-14
641,1970-02-14
643,1970-02-21
645,1970-02-23
646,1970-02-27
647,1970-02-28
648,1970-03-01
649,1970-03-07
650,1970-03-08
651,1970-03-17
652,1970-03-20
653,1970-03-20
654,1970-03-21
655,1970-03-21
658,1970-03-24
659,1970-04-03
660,1970-04-09
661,1970-04-10
662,1970-04-11
663,1970-04-12
664,1970-04-15
665,1970-04-17
666,1970-04-18
667,1970-04-19
668,1970-04-24
669,1970-04-25
670,1970-04-26
671,1970-05-01
672,1970-05-02
673,1970-05-03
674,1970-05-06
675,1970-05-07
676,1970-05-08
677,1970-05-09
678,1970-05-10
679,1970-05-14
680,1970-05-15
681,1970-05-15
682,1970-05-16
683,1970-05-24
684,1970-06-04
685,1970-06-05
686,1970-06-06
687,1970-06-07
688,1970-06-12
689,1970-06-13
691,1970-06-21
692,1970-06-24
693,1970-06-24
694,1970-06-27
696,1970-06-28
697,1970-07-01
698,1970-07-04
699,1970-07-08
700,1970-07-09
701,1970-07-10
702,1970-07-11
703,1970-07-12
704,1970-07-14
705,1970-07-16
708,1970-07-30
711,1970-08-17
712,1970-08-18
713,1970-08-19
716,1970-08-30
717,1970-09-17
718,1970-09-18
719,1970-09-19
720,1970-09-20
722,1970-09-26
723,1970-10-04
724,1970-10-05
725,1970-10-10
726,1970-10-11
727,1970-10-16
728,1970-10-17
729,1970-10-18
730,1970-10-18
731,1970-10-23
732,1970-10-24
734,1970-10-30
735,1970-10-30
736,1970-10-31
737,1970-10-31
738,1970-11-05
739,1970-11-06
740,1970-11-07
741,1970-11-08
744,1970-11-11
745,1970-11-12
748,1970-11-16
749,1970-11-20
750,1970-11-21
751,1970-11-21
752,1970-11-22
753,1970-11-23
754,1970-11-27
755,1970-11-29
756,1970-12-12
760,1970-12-23
761,1970-12-26
762,1970-12-27
763,1970-12-28
764,1970-12-31
765,1970-12-31
766,1971-01-21
767,1971-01-22
768,1971-01-24
769,1971-02-18
770,1971-02-19
771,1971-02-20
772,1971-02-21
773,1971-02-23
774,1971-02-24
775,1971-03-03
777,1971-03-13
778,1971-03-14
779,1971-03-17
780,1971-03-18
781,1971-03-20
782,1971-03-21
783,1971-03-24
784,1971-04-04
785,1971-04-05
786,1971-04-06
787,1971-04-07
788,1971-04-08
789,1971-04-10
790,1971-04-12
791,1971-04-13
792,1971-04-14
793,1971-04-15
794,1971-04-17
795,1971-04-18
796,1971-04-21
797,1971-04-22
798,1971-04-24
799,1971-04-25
800,1971-04-26
801,1971-04-27
802,1971-04-28
803,1971-04-29
804,1971-05-29
805,1971-05-30
807,1971-06-21
808,1971-07-02
809,1971-07-31
810,1971-08-04
811,1971-08-05
812,1971-08-06
813,1971-08-07
814,1971-08-14
815,1971-08-15
816,1971-08-21
817,1971-08-23
818,1971-08-24
819,1971-08-26
822,1971-10-19
823,1971-10-21
824,1971-10-22
825,1971-10-23
826,1971-10-24
827,1971-10-26
828,1971-10-27
829,1971-10-29
830,1971-10-30
831,1971-10-31
832,1971-11-06
833,1971-11-07
834,1971-11-11
835,1971-11-12
836,1971-11-14
837,1971-11-15
838,1971-11-17
839,1971-11-20
840,1971-12-01
841,1971-12-02
842,1971-12-04
843,1971-12-05
844,1971-12-06
845,1971-12-07
846,1971-12-09
847,1971-12-10
848,1971-12-14
849,1971-12-15
850,1971-12-31
851,1972-01-02
852,1972-03-05
853,1972-03-21
854,1972-03-22
855,1972-03-23
856,1972-03-25
857,1972-03-26
858,1972-03-27
859,1972-03-28
860,1972-04-07
861,1972-04-08
862,1972-04-11
863,1972-04-14
864,1972-04-16
865,1972-04-17
866,1972-04-21
867,1972-04-24
868,1972-04-26
869,1972-04-29
870,1972-05-03
871,1972-05-04
872,1972-05-07
873,1972-05-10
874,1972-05-11
875,1972-05-13
876,1972-05-16
877,1972-05-18
878,1972-05-23
879,1972-05-24
880,1972-05-25
881,1972-05-26
882,1972-06-17
883,1972-07-16
884,1972-07-18
885,1972-07-21
886,1972-07-22
887,1972-07-25
888,1972-07-26
889,1972-08-12
890,1972-08-20
891,1972-08-21
892,1972-08-22
893,1972-08-24
894,1972-08-25
895,1972-08-27
896,1972-09-03
897,1972-09-09
898,1972-09-10
899,1972-09-15
900,1972-09-16
901,1972-09-17
902,1972-09-19
903,1972-09-21
904,1972-09-23
905,1972-09-24
906,1972-09-26
907,1972-09-27
908,1972-09-28
909,1972-09-30
910,1972-10-02
911,1972-10-09
912,1972-10-17
913,1972-10-18
914,1972-10-19
915,1972-10-21
916,1972-10-23
917,1972-10-24
918,1972-10-26
919,1972-10-27
920,1972-10-28
921,1972-10-30
922,1972-11-12
923,1972-11-13
924,1972-11-14
925,1972-11-15
926,1972-11-17
927,1972-11-18
928,1972-11-19
929,1972-11-22
930,1972-11-24
931,1972-11-26
932,1972-12-10
933,1972-12-11
934,1972-12-12
935,1972-12-15
936,1972-12-31
937,1973-02-09
938,1973-02-15
939,1973-02-17
940,1973-02-19
941,1973-02-21
942,1973-02-22
943,1973-02-24
944,1973-02-26
945,1973-02-28
946,1973-03-15
947,1973-03-16
948,1973-03-19
949,1973-03-21
950,1973-03-22
951,1973-03-24
952,1973-03-26
953,1973-03-28
954,1973-03-30
955,1973-03-31
956,1973-04-02
957,1973-05-13
958,1973-05-20
959,1973-05-26
960,1973-06-09
961,1973-06-10
962,1973-06-22
963,1973-06-24
964,1973-06-26
965,1973-06-29
966,1973-06-30
967,1973-07-01
968,1973-07-27
969,1973-07-28
970,1973-07-31
971,1973-08-01
972,1973-09-07
973,1973-09-08
974,1973-09-11
975,1973-09-12
976,1973-09-15
977,1973-09-17
979,1973-09-20
980,1973-09-21
981,1973-09-24
982,1973-09-26
983,1973-10-19
984,1973-10-21
985,1973-10-23
986,1973-10-25
987,1973-10-27
988,1973-10-29
989,1973-10-30
990,1973-11-01
991,1973-11-09
992,1973-11-10
993,1973-11-11
994,1973-11-14
995,1973-11-17
996,1973-11-20
997,1973-11-21
998,1973-11-23
999,1973-11-25
1000,1973-11-30
1001,1973-12-01
1002,1973-12-02
1003,1973-12-04
1004,1973-12-06
1005,1973-12-08
1006,1973-12-10
1007,1973-12-12
1008,1973-12-18
1009,1973-12-19
1010,1974-02-22
1011,1974-02-23
1012,1974-02-24
1013,1974-03-23
1014,1974-05-12
1015,1974-05-14
1016,1974-05-17
1017,1974-05-19
1018,1974-05-21
1019,1974-05-25
1020,1974-06-08
1021,1974-06-16
1022,1974-06-18
1023,1974-06-20
1024,1974-06-22
1025,1974-06-23
1026,1974-06-26
1027,1974-06-28
1028,1974-06-30
1029,1974-07-19
1030,1974-07-21
1031,1974-07-25
1032,1974-07-27
1033,1974-07-29
1034,1974-07-31
1035,1974-08-04
1036,1974-08-05
1037,1974-08-06
1038,1974-09-09
1039,1974-09-10
1040,1974-09-11
1041,1974-09-14
1042,1974-09-18
1043,1974-09-20
1044,1974-09-21
1045,1974-10-16
1046,1974-10-17
1047,1974-10-18
1048,1974-10-19
1049,1974-10-20
1050,1975-03-23
1051,1975-06-17
1052,1975-08-13
1053,1975-09-28
1054,1976-06-03
1055,1976-06-04
1056,1976-06-09
1057,1976-06-10
1058,1976-06-11
1059,1976-06-12
1060,1976-06-14
1061,1976-06-15
1062,1976-06-17
1063,1976-06-18
1064,1976-06-19
1065,1976-06-21
1066,1976-06-22
1067,1976-06-23
1068,1976-06-24
1069,1976-06-26
1070,1976-06-27
1071,1976-06-28
1072,1976-06-29
1073,1976-07-12
1074,1976-07-13
1075,1976-07-14
1076,1976-07-16
1077,1976-07-17
1078,1976-07-18
1079,1976-08-02
1080,1976-08-04
1081,1976-09-23
1082,1976-09-24
1083,1976-09-25
1084,1976-09-27
1085,1976-09-28
1086,1976-09-30
1087,1976-10-01
1088,1976-10-02
1089,1976-10-03
1090,1976-10-09
1091,1976-10-10
1092,1976-10-14
1093,1976-10-15
1094,1976-12-31
1095,1977-02-26
1096,1977-02-27
1097,1977-03-18
1098,1977-03-19
1099,1977-03-20
1100,1977-04-22
1101,1977-04-23
1102,1977-04-25
1103,1977-04-26
1104,1977-04-27
1105,1977-04-29
1106,1977-04-30
1107,1977-05-01
1108,1977-05-03
1109,1977-05-04
1110,1977-05-05
1111,1977-05-07
1112,1977-05-08
1113,1977-05-09
1114,1977-05-11
1115,1977-05-12
1116,1977-05-13
1117,1977-05-15
1118,1977-05-17
1119,1977-05-18
1120,1977-05-19
1121,1977-05-21
1122,1977-05-22
1123,1977-05-25
1124,1977-05-26
1125,1977-05-28
1126,1977-06-04
1127,1977-06-07
1128,1977-06-08
1129,1977-06-09
1130,1977-09-03
1131,1977-09-28
1132,1977-09-29
1133,1977-10-01
1134,1977-10-02
1135,1977-10-06
1136,1977-10-07
1137,1977-10-09
1138,1977-10-11
1139,1977-10-12
1140,1977-10-14
1141,1977-10-15
1142,1977-10-16
1143,1977-10-28
1144,1977-10-29
1145,1977-10-30
1146,1977-11-01
1147,1977-11-02
1148,1977-11-04
1149,1977-11-05
1150,1977-11-06
1151,1977-12-27
1152,1977-12-29
1153,1977-12-30
1154,1977-12-31
1155,1978-01-06
1156,1978-01-07
1157,1978-01-08
1158,1978-01-10
1159,1978-01-11
1160,1978-01-13
1161,1978-01-14
1162,1978-01-15
1163,1978-01-17
1164,1978-01-18
1165,1978-01-22
1166,1978-01-30
1167,1978-01-31
1168,1978-02-01
1169,1978-02-03
1170,1978-02-04
1171,1978-02-05
1172,1978-04-06
1173,1978-04-07
1174,1978-04-08
1175,1978-04-10
1176,1978-04-11
1177,1978-04-12
1178,1978-04-14
1179,1978-04-15
1180,1978-04-16
1181,1978-04-18
1182,1978-04-19
1183,1978-04-21
1184,1978-04-22
1185,1978-04-24
1186,1978-05-05
1187,1978-05-06
1188,1978-05-07
1189,1978-05-09
1190,1978-05-10
1191,1978-05-11
1192,1978-05-13
1193,1978-05-14
1194,1978-05-16
1195,1978-05-17
1196,1978-06-04
1197,1978-06-25
1198,1978-07-01
1199,1978-07-03
1200,1978-07-05
1201,1978-07-07
1202,1978-07-08
1203,1978-08-30
1204,1978-08-31
1205,1978-09-02
1206,1978-09-14
1207,1978-09-15
1208,1978-09-16
1209,1978-10-17
1210,1978-10-18
1211,1978-10-20
1212,1978-10-21
1213,1978-10-22
1214,1978-11-11
1215,1978-11-13
1216,1978-11-14
1217,1978-11-16
1218,1978-11-17
1219,1978-11-17
1220,1978-11-18
1221,1978-11-20
1222,1978-11-21
1223,1978-11-23
1224,1978-11-24
1225,1978-12-12
1226,1978-12-13
1227,1978-12-15
1228,1978-12-16
1229,1978-12-17
1230,1978-12-19
1231,1978-12-21
1232,1978-12-22
1233,1978-12-27
1234,1978-12-28
1235,1978-12-30
1236,1978-12-31
1237,1979-01-05
1238,1979-01-07
1239,1979-01-08
1240,1979-01-10
1241,1979-01-11
1242,1979-01-12
1243,1979-01-14
1244,1979-01-15
1245,1979-01-17
1246,1979-01-18
1247,1979-01-20
1248,1979-01-21
1249,1979-02-03
1250,1979-02-04
1251,1979-02-06
1252,1979-02-07
1253,1979-02-09
1254,1979-02-10
1255,1979-02-11
1256,1979-02-17
1257,1979-04-22
1258,1979-05-03
1259,1979-05-04
1260,1979-05-05
1261,1979-05-07
1262,1979-05-08
1263,1979-05-09
1264,1979-05-11
1265,1979-05-12
1266,1979-05-13
1267,1979-06-28
1268,1979-06-30
1269,1979-07-01
1270,1979-08-04
1271,1979-08-05
1272,1979-08-12
1273,1979-08-13
1274,1979-08-14
1275,1979-08-31
1276,1979-09-01
1277,1979-09-02
1278,1979-09-04
1279,1979-09-05
1280,1979-09-06
1281,1979-10-24
1282,1979-10-25
1283,1979-10-27
1284,1979-10-28
1285,1979-10-31
1286,1979-11-01
1287,1979-11-02
1288,1979-11-04
1289,1979-11-05
1290,1979-11-06
1291,1979-11-08
1292,1979-11-09
1293,1979-11-10
1294,1979-11-23
1295,1979-11-24
1296,1979-11-25
1297,1979-11-29
1298,1979-11-30
1299,1979-12-01
1300,1979-12-03
1301,1979-12-04
1302,1979-12-05
1303,1979-12-07
1304,1979-12-09
1305,1979-12-10
1306,1979-12-11
1307,1979-12-26
1308,1979-12-27
1309,1979-12-28
1310,1979-12-30
1311,1979-12-31
1312,1980-01-13
1313,1980-03-30
1314,1980-03-31
1315,1980-04-01
1316,1980-04-05
1317,1980-04-28
1318,1980-04-29
1319,1980-05-01
1320,1980-05-02
1321,1980-05-04
1322,1980-05-06
1323,1980-05-07
1324,1980-05-08
1325,1980-05-10
1326,1980-05-11
1327,1980-05-12
1328,1980-05-14
1329,1980-05-15
1330,1980-05-16
1331,1980-05-29
1332,1980-05-30
1333,1980-05-31
1334,1980-06-05
1335,1980-06-07
1336,1980-06-08
1337,1980-06-12
1338,1980-06-13
1339,1980-06-14
1340,1980-06-19
1341,1980-06-20
1342,1980-06-21
1343,1980-06-29
1344,1980-07-01
1345,1980-08-16
1346,1980-08-17
1347,1980-08-19
1348,1980-08-20
1349,1980-08-21
1350,1980-08-23
1351,1980-08-24
1352,1980-08-26
1353,1980-08-27
1354,1980-08-29
1355,1980-08-30
1356,1980-08-31
1357,1980-09-02
1358,1980-09-03
1359,1980-09-04
1360,1980-09-06
1361,1980-09-25
1362,1980-09-26
1363,1980-09-27
1364,1980-09-29
1365,1980-09-30
1366,1980-10-02
1367,1980-10-03
1368,1980-10-04
1369,1980-10-06
1370,1980-10-07
1371,1980-10-09
1372,1980-10-10
1373,1980-10-11
1374,1980-10-13
1375,1980-10-14
1376,1980-10-18
1377,1980-10-19
1378,1980-10-22
1379,1980-10-23
1380,1980-10-25
1381,1980-10-26
1382,1980-10-27
1383,1980-10-29
1384,1980-10-30
1385,1980-10-31
1386,1980-11-26
1387,1980-11-28
1388,1980-11-29
1389,1980-11-30
1390,1980-12-06
1391,1980-12-12
1392,1980-12-13
1393,1980-12-14
1394,1980-12-26
1395,1980-12-27
1396,1980-12-28
1397,1980-12-30
1398,1980-12-31
1399,1981-02-26
1400,1981-02-27
1401,1981-02-28
1402,1981-03-02
1403,1981-03-03
1404,1981-03-05
1405,1981-03-06
1406,1981-03-07
1407,1981-03-09
1408,1981-03-10
1409,1981-03-12
1410,1981-03-13
1411,1981-03-14
1412,1981-03-20
1413,1981-03-21
1414,1981-03-23
1415,1981-03-24
1416,1981-03-28
1417,1981-04-25
1418,1981-04-30
1419,1981-05-01
1420,1981-05-02
1421,1981-05-04
1422,1981-05-05
1423,1981-05-06
1424,1981-05-07
1425,1981-05-08
1426,1981-05-09
1427,1981-05-11
1428,1981-05-12
1429,1981-05-13
1430,1981-05-15
1431,1981-05-16
1432,1981-05-17
1433,1981-05-22
1434,1981-07-02
1435,1981-07-04
1436,1981-07-05
1437,1981-07-07
1438,1981-07-08
1439,1981-07-10
1440,1981-07-11
1441,1981-07-13
1442,1981-07-14
1443,1981-08-12
1444,1981-08-14
1445,1981-08-15
1446,1981-08-16
1447,1981-08-27
1448,1981-08-28
1449,1981-08-30
1450,1981-08-31
1451,1981-09-11
1452,1981-09-12
1453,1981-09-13
1454,1981-09-25
1455,1981-09-26
1456,1981-09-27
1457,1981-09-30
1458,1981-10-02
1459,1981-10-03
1460,1981-10-04
1461,1981-10-06
1462,1981-10-08
1463,1981-10-10
1464,1981-10-11
1465,1981-10-12
1466,1981-10-13
1467,1981-10-15
1468,1981-10-16
1469,1981-10-17
1470,1981-10-19
1471,1981-11-29
1472,1981-11-30
1473,1981-12-02
1474,1981-12-03
1475,1981-12-05
1476,1981-12-06
1477,1981-12-07
1478,1981-12-09
1479,1981-12-12
1480,1981-12-26
1481,1981-12-27
1482,1981-12-28
1483,1981-12-30
1484,1981-12-31
1485,1982-02-16
1486,1982-02-17
1487,1982-02-19
1488,1982-02-20
1489,1982-02-21
1490,1982-03-13
1491,1982-03-14
1492,1982-04-02
1493,1982-04-03
1494,1982-04-05
1495,1982-04-06
1496,1982-04-08
1497,1982-04-09
1498,1982-04-11
1499,1982-04-12
1500,1982-04-13
1501,1982-04-14
1502,1982-04-15
1503,1982-04-17
1504,1982-04-18
1505,1982-04-19
1506,1982-05-21
1507,1982-05-22
1508,1982-05-23
1509,1982-05-28
1510,1982-07-17
1511,1982-07-18
1512,1982-07-25
1513,1982-07-27
1514,1982-07-28
1515,1982-07-29
1516,1982-07-31
1517,1982-08-01
1518,1982-08-03
1519,1982-08-04
1520,1982-08-06
1521,1982-08-07
1522,1982-08-08
1523,1982-08-10
1524,1982-08-28
1525,1982-08-29
1526,1982-09-05
1527,1982-09-09
1528,1982-09-11
1529,1982-09-12
1530,1982-09-14
1531,1982-09-15
1532,1982-09-17
1533,1982-09-18
1534,1982-09-20
1535,1982-09-21
1536,1982-09-23
1537,1982-09-24
1538,1982-10-09
1539,1982-10-10
1540,1982-10-17
1541,1982-11-25
1542,1982-12-26
1543,1982-12-27
1544,1982-12-28
1545,1982-12-30
1546,1982-12-31
1547,1983-03-02
1548,1983-03-25
1549,1983-03-26
1550,1983-03-27
1551,1983-03-29
1552,1983-03-30
1553,1983-03-31
1554,1983-04-09
1555,1983-04-10
1556,1983-04-12
1557,1983-04-13
1558,1983-04-15
1559,1983-04-16
1560,1983-04-17
1561,1983-04-19
1562,1983-04-20
1563,1983-04-22
1564,1983-04-23
1565,1983-04-25
1566,1983-04-26
1567,1983-05-13
1568,1983-05-14
1569,1983-05-15
1570,1983-06-18
1571,1983-06-20
1572,1983-06-21
1573,1983-06-22
1574,1983-06-24
1575,1983-06-25
1576,1983-06-27
1577,1983-06-28
1578,1983-07-30
1579,1983-07-31
1580,1983-08-20
1581,1983-08-21
1582,1983-08-26
1583,1983-08-27
1584,1983-08-29
1585,1983-08-30
1586,1983-08-31
1587,1983-09-02
1588,1983-09-04
1589,1983-09-06
1590,1983-09-07
1591,1983-09-08
1592,1983-09-10
1593,1983-09-11
1594,1983-09-13
1595,1983-09-18
1596,1983-09-24
1597,1983-10-08
1598,1983-10-09
1599,1983-10-11
1600,1983-10-12
1601,1983-10-14
1602,1983-10-15
1603,1983-10-17
1604,1983-10-18
1605,1983-10-20
1606,1983-10-21
1607,1983-10-22
1608,1983-10-30
1609,1983-10-31
1610,1983-12-27
1611,1983-12-28
1612,1983-12-30
1613,1983-12-31
1614,1984-03-28
1615,1984-03-29
1616,1984-03-31
1617,1984-04-01
1618,1984-04-06
1619,1984-04-07
1620,1984-04-13
1621,1984-04-14
1622,1984-04-16
1623,1984-04-17
1624,1984-04-19
1625,1984-04-20
1626,1984-04-21
1627,1984-04-23
1628,1984-04-24
1629,1984-04-26
1630,1984-04-27
1631,1984-04-29
1632,1984-04-30
1633,1984-05-06
1634,1984-05-07
1635,1984-05-08
1636,1984-06-09
1637,1984-06-10
1638,1984-06-12
1639,1984-06-13
1640,1984-06-14
1641,1984-06-21
1642,1984-06-23
1643,1984-06-24
1644,1984-06-26
1645,1984-06-27
1646,1984-06-29
1647,1984-06-30
1648,1984-07-01
1649,1984-07-03
1650,1984-07-04
1651,1984-07-06
1652,1984-07-07
1653,1984-07-13
1654,1984-07-14
1655,1984-07-15
1656,1984-07-21
1657,1984-07-22
1658,1984-10-05
1659,1984-10-06
1660,1984-10-08
1661,1984-10-09
1662,1984-10-11
1663,1984-10-12
1664,1984-10-14
1665,1984-10-15
1666,1984-10-17
1667,1984-10-18
1668,1984-10-20
1669,1984-10-27
1670,1984-10-28
1671,1984-10-30
1672,1984-10-31
1673,1984-11-02
1674,1984-11-03
1675,1984-12-28
1676,1984-12-29
1677,1984-12-31
1678,1985-02-18
1679,1985-02-19
1680,1985-02-20
1681,1985-03-09
1682,1985-03-10
1683,1985-03-12
1684,1985-03-13
1685,1985-03-21
1686,1985-03-22
1687,1985-03-24
1688,1985-03-25
1689,1985-03-27
1690,1985-03-28
1691,1985-03-29
1692,1985-03-31
1693,1985-04-01
1694,1985-04-03
1695,1985-04-04
1696,1985-04-06
1697,1985-04-07
1698,1985-04-08
1699,1985-04-13
1700,1985-04-14
1701,1985-04-27
1702,1985-04-28
1703,1985-06-14
1704,1985-06-15
1705,1985-06-16
1706,1985-06-21
1707,1985-06-22
1708,1985-06-24
1709,1985-06-25
1710,1985-06-27
1711,1985-06-28
1712,1985-06-30
1713,1985-07-01
1714,1985-07-02
1715,1985-07-13
1716,1985-07-14
1717,1985-08-24
1718,1985-08-30
1719,1985-08-31
1720,1985-09-02
1721,1985-09-03
1722,1985-09-05
1723,1985-09-06
1724,1985-09-07
1725,1985-09-10
1726,1985-09-11
1727,1985-09-12
1728,1985-09-15
1729,1985-10-25
1730,1985-10-26
1731,1985-10-28
1732,1985-10-29
1733,1985-10-31
1734,1985-11-01
1735,1985-11-02
1736,1985-11-04
1737,1985-11-05
1738,1985-11-07
1739,1985-11-08
1740,1985-11-10
1741,1985-11-11
1742,1985-11-16
1743,1985-11-17
1744,1985-11-20
1745,1985-11-21
1746,1985-11-22
1747,1985-12-30
1748,1985-12-31
1749,1986-02-08
1750,1986-02-09
1751,1986-02-11
1752,1986-02-12
1753,1986-02-14
1754,1986-03-19
1755,1986-03-20
1756,1986-03-21
1757,1986-03-23
1758,1986-03-24
1759,1986-03-25
1760,1986-03-27
1761,1986-03-28
1762,1986-03-30
1763,1986-03-31
1764,1986-04-01
1765,1986-04-03
1766,1986-04-04
1767,1986-04-12
1768,1986-04-13
1769,1986-04-18
1770,1986-04-19
1771,1986-04-21
1772,1986-04-22
1773,1986-05-03
1774,1986-05-04
1775,1986-05-10
1776,1986-05-11
1777,1986-06-20
1778,1986-06-21
1779,1986-06-22
1780,1986-06-26
1781,1986-06-28
1782,1986-06-29
1783,1986-06-30
1784,1986-07-02
1785,1986-07-04
1786,1986-07-06
1787,1986-07-07
1788,1986-12-15
1789,1986-12-16
1790,1986-12-17
1791,1986-12-27
1792,1986-12-28
1793,1986-12-30
1794,1986-12-31
1795,1987-01-28
1796,1987-01-29
1797,1987-01-30
1798,1987-03-01
1799,1987-03-02
1800,1987-03-03
1801,1987-03-22
1802,1987-03-23
1803,1987-03-24
1804,1987-03-26
1805,1987-03-27
1806,1987-03-29
1807,1987-03-30
1808,1987-03-31
1809,1987-04-02
1810,1987-04-03
1811,1987-04-04
1812,1987-04-06
1813,1987-04-07
1814,1987-04-09
1815,1987-04-10
1816,1987-04-11
1817,1987-04-17
1818,1987-04-18
1819,1987-04-19
1820,1987-05-02
1821,1987-05-03
1822,1987-05-09
1823,1987-05-10
1824,1987-06-12
1825,1987-06-13
1826,1987-06-14
1827,1987-06-19
1828,1987-06-20
1829,1987-06-21
1830,1987-06-26
1831,1987-06-27
1832,1987-06-28
1833,1987-06-30
1834,1987-07-02
1835,1987-07-04
1836,1987-07-06
1837,1987-07-07
1838,1987-07-08
1839,1987-07-10
1840,1987-07-12
1841,1987-07-19
1842,1987-07-24
1843,1987-07-26
1844,1987-08-11
1845,1987-08-12
1846,1987-08-13
1847,1987-08-15
1848,1987-08-16
1849,1987-08-18
1850,1987-08-20
1851,1987-08-22
1852,1987-08-23
1853,1987-09-07
1854,1987-09-08
1855,1987-09-09
1856,1987-09-11
1857,1987-09-12
1858,1987-09-13
1859,1987-09-15
1860,1987-09-16
1861,1987-09-17
1862,1987-09-18
1863,1987-09-19
1864,1987-09-20
1865,1987-09-22
1866,1987-09-23
1867,1987-09-24
1868,1987-10-02
1869,1987-10-03
1870,1987-10-04
1871,1987-11-06
1872,1987-11-07
1873,1987-11-08
1874,1987-11-13
1875,1987-11-14
1876,1987-11-15
1878,1987-12-27
1879,1987-12-28
1880,1987-12-30
1881,1987-12-31
1882,1988-02-13
1883,1988-02-14
1884,1988-02-16
1885,1988-02-17
1886,1988-03-12
1887,1988-03-16
1888,1988-03-17
1889,1988-03-18
1890,1988-03-24
1891,1988-03-26
1892,1988-03-27
1893,1988-03-28
1894,1988-03-30
1895,1988-03-31
1896,1988-04-01
1897,1988-04-03
1898,1988-04-04
1899,1988-04-05
1900,1988-04-07
1901,1988-04-08
1902,1988-04-09
1903,1988-04-11
1904,1988-04-13
1905,1988-04-14
1906,1988-04-15
1907,1988-04-22
1908,1988-04-23
1909,1988-04-24
1910,1988-04-30
1911,1988-05-01
1912,1988-06-17
1913,1988-06-19
1914,1988-06-20
1915,1988-06-22
1916,1988-06-23
1917,1988-06-25
1918,1988-06-26
1919,1988-06-28
1920,1988-06-30
1921,1988-07-02
1922,1988-07-03
1923,1988-07-15
1924,1988-07-16
1925,1988-07-17
1926,1988-07-29
1927,1988-07-30
1928,1988-07-31
1929,1988-08-26
1930,1988-08-28
1931,1988-09-02
1932,1988-09-03
1933,1988-09-05
1934,1988-09-06
1935,1988-09-08
1936,1988-09-09
1937,1988-09-11
1938,1988-09-12
1939,1988-09-14
1940,1988-09-15
1941,1988-09-16
1942,1988-09-18
1943,1988-09-19
1944,1988-09-20
1945,1988-09-22
1946,1988-09-23
1947,1988-09-24
1948,1988-09-30
1949,1988-10-01
1950,1988-10-02
1951,1988-10-14
1952,1988-10-15
1953,1988-10-16
1954,1988-10-18
1955,1988-10-20
1956,1988-10-21
1957,1988-12-09
1958,1988-12-10
1959,1988-12-11
1960,1988-12-28
1961,1988-12-29
1962,1988-12-31
1963,1989-02-05
1964,1989-02-06
1965,1989-02-07
1966,1989-02-10
1967,1989-02-11
1968,1989-02-12
1969,1989-03-27
1970,1989-03-28
1971,1989-03-30
1972,1989-03-31
1973,1989-04-02
1974,1989-04-03
1975,1989-04-05
1976,1989-04-06
1977,1989-04-08
1978,1989-04-09
1979,1989-04-11
1980,1989-04-12
1981,1989-04-13
1982,1989-04-15
1983,1989-04-16
1984,1989-04-17
1985,1989-04-28
1986,1989-04-29
1987,1989-04-30
1988,1989-05-06
1989,1989-05-07
1990,1989-05-27
1991,1989-06-18
1992,1989-06-19
1993,1989-06-21
1994,1989-07-02
1995,1989-07-04
1996,1989-07-07
1997,1989-07-09
1998,1989-07-10
1999,1989-07-12
2000,1989-07-13
2001,1989-07-15
2002,1989-07-17
2003,1989-07-18
2004,1989-07-19
2005,1989-08-04
2006,1989-08-05
2007,1989-08-06
2008,1989-08-17
2009,1989-08-18
2010,1989-08-19
2011,1989-09-29
2012,1989-09-30
2013,1989-10-01
2014,1989-10-08
2015,1989-10-09
2016,1989-10-11
2017,1989-10-12
2018,1989-10-14
2019,1989-10-15
2020,1989-10-16
2021,1989-10-18
2022,1989-10-19
2023,1989-10-20
2024,1989-10-22
2025,1989-10-23
2026,1989-10-25
2027,1989-10-26
2028,1989-12-06
2029,1989-12-08
2030,1989-12-09
2031,1989-12-10
2032,1989-12-27
2033,1989-12-28
2034,1989-12-30
2035,1989-12-31
2036,1990-02-25
2037,1990-02-26
2038,1990-02-27
2039,1990-03-14
2040,1990-03-15
2041,1990-03-16
2042,1990-03-18
2043,1990-03-19
2044,1990-03-21
2045,1990-03-22
2046,1990-03-24
2047,1990-03-25
2048,1990-03-26
2049,1990-03-28
2050,1990-03-29
2051,1990-03-30
2052,1990-04-01
2053,1990-04-02
2054,1990-04-03
2055,1990-05-05
2056,1990-05-06
2057,1990-06-08
2058,1990-06-09
2059,1990-06-10
2060,1990-06-15
2061,1990-06-16
2062,1990-06-17
2063,1990-06-23
2064,1990-06-24
2065,1990-07-04
2066,1990-07-06
2067,1990-07-08
2068,1990-07-10
2069,1990-07-12
2070,1990-07-14
2071,1990-07-16
2072,1990-07-18
2073,1990-07-19
2074,1990-07-21
2075,1990-07-22
2076,1990-07-23
2077,1990-09-07
2078,1990-09-08
2079,1990-09-10
2080,1990-09-11
2081,1990-09-12
2082,1990-09-14
2083,1990-09-15
2084,1990-09-16
2085,1990-09-18
2086,1990-09-19
2087,1990-09-20
2088,1990-10-13
2089,1990-10-17
2090,1990-10-19
2091,1990-10-20
2092,1990-10-22
2093,1990-10-24
2094,1990-10-27
2095,1990-10-28
2096,1990-10-30
2097,1990-10-31
2098,1990-11-01
2099,1990-12-03
2100,1990-12-04
2101,1990-12-08
2102,1990-12-09
2103,1990-12-12
2104,1990-12-13
2105,1990-12-14
2106,1990-12-27
2107,1990-12-28
2108,1990-12-30
2109,1990-12-31
2110,1991-02-19
2111,1991-02-20
2112,1991-02-21
2113,1991-03-17
2114,1991-03-18
2115,1991-03-20
2116,1991-03-21
2117,1991-03-23
2118,1991-03-24
2119,1991-03-25
2120,1991-03-27
2121,1991-03-28
2122,1991-03-29
2123,1991-03-31
2124,1991-04-01
2125,1991-04-03
2126,1991-04-04
2127,1991-04-05
2128,1991-04-07
2129,1991-04-08
2130,1991-04-09
2131,1991-04-27
2132,1991-04-28
2133,1991-05-03
2134,1991-05-04
2135,1991-05-05
2136,1991-05-10
2137,1991-05-11
2138,1991-05-12
2139,1991-06-01
2140,1991-06-06
2141,1991-06-07
2142,1991-06-09
2143,1991-06-11
2144,1991-06-12
2145,1991-06-14
2146,1991-06-16
2147,1991-06-17
2148,1991-06-19
2149,1991-06-20
2150,1991-06-22
2151,1991-06-24
2152,1991-06-25
2153,1991-06-28
2154,1991-08-12
2155,1991-08-13
2156,1991-08-14
2157,1991-08-16
2158,1991-08-17
2159,1991-08-18
2160,1991-09-04
2161,1991-09-05
2162,1991-09-06
2163,1991-09-08
2164,1991-09-09
2165,1991-09-10
2166,1991-09-12
2167,1991-09-13
2168,1991-09-14
2169,1991-09-16
2170,1991-09-17
2171,1991-09-18
2172,1991-09-20
2173,1991-09-21
2174,1991-09-22
2175,1991-09-24
2176,1991-09-25
2177,1991-09-26
2178,1991-10-27
2179,1991-10-28
2180,1991-10-30
2181,1991-10-31
2182,1991-11-03
2183,1991-12-27
2184,1991-12-28
2185,1991-12-30
2186,1991-12-31
2187,1992-02-22
2188,1992-02-23
2189,1992-02-24
2190,1992-03-01
2191,1992-03-02
2192,1992-03-03
2193,1992-03-05
2194,1992-03-06
2195,1992-03-08
2196,1992-03-09
2197,1992-03-11
2198,1992-03-12
2199,1992-03-13
2200,1992-03-16
2201,1992-03-17
2202,1992-03-18
2203,1992-03-20
2204,1992-03-21
2205,1992-03-23
2206,1992-03-24
2207,1992-05-19
2208,1992-05-20
2209,1992-05-21
2210,1992-05-23
2211,1992-05-24
2212,1992-05-25
2213,1992-05-29
2214,1992-05-30
2215,1992-05-31
2216,1992-06-06
2217,1992-06-08
2218,1992-06-09
2219,1992-06-11
2220,1992-06-12
2221,1992-06-14
2222,1992-06-15
2223,1992-06-17
2224,1992-06-18
2225,1992-06-20
2226,1992-06-22
2227,1992-06-23
2228,1992-06-25
2229,1992-06-26
2230,1992-06-28
2231,1992-06-29
2232,1992-07-01
2233,1992-12-02
2234,1992-12-03
2235,1992-12-05
2236,1992-12-06
2237,1992-12-11
2238,1992-12-12
2239,1992-12-13
2240,1992-12-16
2241,1992-12-17
2242,1993-01-24
2243,1993-01-25
2244,1993-01-26
2245,1993-02-21
2246,1993-02-22
2247,1993-02-23
2248,1993-03-09
2249,1993-03-10
2250,1993-03-11
2251,1993-03-14
2252,1993-03-16
2253,1993-03-17
2254,1993-03-18
2255,1993-03-20
2256,1993-03-21
2257,1993-03-22
2258,1993-03-24
2259,1993-03-25
2260,1993-03-27
2261,1993-03-28
2262,1993-03-29
2263,1993-03-31
2264,1993-04-01
2265,1993-04-02
2266,1993-04-04
2267,1993-04-05
2268,1993-05-14
2269,1993-05-15
2270,1993-05-16
2271,1993-05-21
2272,1993-05-22
2273,1993-05-23
2274,1993-05-25
2275,1993-05-26
2276,1993-05-27
2277,1993-06-05
2278,1993-06-06
2279,1993-06-08
2280,1993-06-09
2281,1993-06-11
2282,1993-06-13
2283,1993-06-15
2284,1993-06-16
2285,1993-06-18
2286,1993-06-19
2287,1993-06-21
2288,1993-06-22
2289,1993-06-23
2290,1993-06-25
2291,1993-06-26
2292,1993-08-21
2293,1993-08-22
2294,1993-08-25
2295,1993-08-26
2296,1993-08-27
2297,1993-09-08
2298,1993-09-09
2299,1993-09-10
2300,1993-09-12
2301,1993-09-13
2302,1993-09-14
2303,1993-09-16
2304,1993-09-17
2305,1993-09-18
2306,1993-09-20
2307,1993-09-21
2308,1993-09-22
2309,1993-09-24
2310,1993-09-25
2311,1993-09-26
2312,1993-09-28
2313,1993-09-29
2314,1993-09-30
2315,1993-12-08
2316,1993-12-09
2317,1993-12-10
2318,1993-12-12
2319,1993-12-13
2320,1993-12-17
2321,1993-12-18
2322,1993-12-19
2323,1994-02-25
2324,1994-02-26
2325,1994-02-27
2326,1994-03-04
2327,1994-03-05
2328,1994-03-06
2329,1994-03-16
2330,1994-03-17
2331,1994-03-18
2332,1994-03-20
2333,1994-03-21
2334,1994-03-23
2335,1994-03-24
2336,1994-03-25
2337,1994-03-27
2338,1994-03-28
2339,1994-03-30
2340,1994-03-31
2341,1994-04-01
2342,1994-04-04
2343,1994-04-06
2344,1994-04-07
2345,1994-04-08
2346,1994-06-08
2347,1994-06-09
2348,1994-06-10
2349,1994-06-13
2350,1994-06-14
2351,1994-06-17
2352,1994-06-18
2353,1994-06-19
2354,1994-06-24
2355,1994-06-25
2356,1994-06-26
2357,1994-07-01
2358,1994-07-02
2359,1994-07-03
2360,1994-07-13
2361,1994-07-16
2362,1994-07-17
2363,1994-07-19
2364,1994-07-20
2365,1994-07-21
2366,1994-07-23
2367,1994-07-24
2368,1994-07-26
2369,1994-07-27
2370,1994-07-29
2371,1994-07-31
2372,1994-08-01
2373,1994-08-03
2374,1994-08-04
2375,1994-09-16
2376,1994-09-17
2377,1994-09-18
2378,1994-09-24
2379,1994-09-27
2380,1994-09-28
2381,1994-09-29
2382,1994-10-01
2383,1994-10-02
2384,1994-10-03
2385,1994-10-05
2386,1994-10-06
2387,1994-10-07
2388,1994-10-09
2389,1994-10-10
2390,1994-10-11
2391,1994-10-13
2392,1994-10-14
2393,1994-10-15
2394,1994-10-17
2395,1994-10-18
2396,1994-10-19
2397,1994-11-29
2398,1994-11-30
2399,1994-12-01
2400,1994-12-08
2401,1994-12-09
2402,1994-12-11
2403,1994-12-12
2404,1994-12-15
2405,1994-12-16
2406,1994-12-18
2407,1994-12-19
2408,1995-02-19
2409,1995-02-20
2410,1995-02-21
2411,1995-02-24
2412,1995-02-25
2413,1995-02-26
2414,1995-03-17
2415,1995-03-18
2416,1995-03-19
2417,1995-03-22
2418,1995-03-23
2419,1995-03-24
2420,1995-03-26
2421,1995-03-27
2422,1995-03-29
2423,1995-03-30
2424,1995-04-01
2425,1995-04-02
2426,1995-04-04
2427,1995-04-05
2428,1995-04-07
2429,1995-05-19
2430,1995-05-20
2431,1995-05-21
2432,1995-05-24
2433,1995-05-25
2434,1995-05-26
2435,1995-05-28
2436,1995-05-29
2437,1995-06-02
2438,1995-06-03
2439,1995-06-04
2440,1995-06-15
2441,1995-06-18
2442,1995-06-19
2443,1995-06-21
2444,1995-06-22
2445,1995-06-24
2446,1995-06-25
2447,1995-06-27
2448,1995-06-28
2449,1995-06-30
2450,1995-07-02
2451,1995-07-05
2452,1995-07-06
2453,1995-07-08
2454,1995-07-09